域名,是否使用Cloudflare,HTTP状态码,备注信息
cloudflare.com,是,200,正常
twitter.com,是,200,正常
linkedin.com,是,200,正常
x.com,是,200,正常
vimeo.com,是,200,正常
cloudflare.net,是,403,正常
chatgpt.com,是,200,正常
zoom.us,是,200,正常
cloudflare-dns.com,是,200,正常
workers.dev,是,200,正常
discord.gg,是,200,正常
epicgames.com,是,403,正常
shopify.com,是,403,正常
discord.com,是,200,正常
example.com,是,200,正常
medium.com,是,200,正常
w3.org,是,403,正常
rubiconproject.com,是,403,正常
vungle.com,是,403,正常
creativecommons.org,是,200,正常
cpanel.net,是,200,正常
t.co,是,200,正常
roku.com,是,200,正常
sciencedirect.com,是,400,正常
researchgate.net,是,403,正常
oxylabs.io,是,200,正常
sourceforge.net,是,403,正常
canva.com,是,200,正常
nist.gov,是,200,正常
nic.direct,是,200,正常
doubleverify.com,是,200,正常
who.int,是,200,正常
hubspot.com,是,200,正常
linktr.ee,是,200,正常
openai.com,是,200,正常
dropcatch.com,是,200,正常
forter.com,是,403,正常
tinyurl.com,是,200,正常
smartadserver.com,是,200,正常
wiley.com,是,200,正常
appsflyer.com,是,200,正常
media.net,是,200,正常
pages.dev,是,200,正常
myshopify.com,是,403,正常
weebly.com,是,200,正常
onelink.me,是,200,正常
plesk.com,是,200,正常
hcaptcha.com,是,200,正常
indeed.com,是,403,正常
calendly.com,是,200,正常
cookiedatabase.org,是,403,正常
gitlab.com,是,200,正常
zendesk.com,是,200,正常
pixabay.com,是,403,正常
speedtest.net,是,200,正常
discord.media,是,520,正常
quora.com,是,403,正常
hostgator.com,是,403,正常
ietf.org,是,200,正常
addtoany.com,是,200,正常
name.com,是,200,正常
mediatek.com,是,200,正常
stackoverflow.com,是,200,正常
substack.com,是,403,正常
fandom.com,是,403,正常
okta.com,是,200,正常
wired.com,是,200,正常
ft.com,是,200,正常
jquery.com,是,200,正常
cloudflareinsights.com,是,200,正常
xhamster.com,是,200,正常
markmonitor.com,是,403,正常
patreon.com,是,403,正常
teamviewer.com,是,200,正常
tandfonline.com,是,403,正常
oup.com,是,403,正常
deepl.com,是,200,正常
sharethrough.com,是,200,正常
expireddomains.com,是,200,正常
berkeley.edu,是,403,正常
apnews.com,是,200,正常
digitalocean.com,是,200,正常
onetrust.com,是,200,正常
claude.ai,是,403,正常
britannica.com,是,403,正常
klaviyo.com,是,200,正常
ikea.com,是,200,正常
braze.com,是,200,正常
branch.io,是,403,正常
loc.gov,是,200,正常
fontawesome.com,是,200,正常
cookielaw.org,是,200,正常
conviva.com,是,403,正常
nic.network,是,200,正常
dreamhost.com,是,403,正常
cambridge.org,是,403,正常
bluehost.com,是,403,正常
optimizely.com,是,200,正常
anydesk.com,是,403,正常
hath.network,是,200,正常
mediafire.com,是,200,正常
it.com,是,200,正常
box.com,是,200,正常
allaboutcookies.org,是,403,正常
bugsnag.com,是,200,正常
stripchat.com,是,406,正常
networkadvertising.org,是,403,正常
iso.org,是,200,正常
gumgum.com,是,200,正常
anthropic.com,是,200,正常
prnewswire.com,是,200,正常
fiverr.com,是,403,正常
unpkg.com,是,200,正常
zoom.com,是,200,正常
people.com,是,200,正常
uber.com,是,406,正常
hostgator.com.br,是,200,正常
moloco.com,是,200,正常
sedo.com,是,200,正常
fwmrm.net,是,403,正常
liftoff.io,是,403,正常
discordapp.com,是,200,正常
academia.edu,是,200,正常
kick.com,是,200,正常
wpguardian.com,是,200,正常
investopedia.com,是,200,正常
onlyfans.com,是,200,正常
pexels.com,是,403,正常
discogs.com,是,403,正常
wpguardian.io,是,200,正常
thenai.org,是,403,正常
webmd.com,是,200,正常
cloudinary.com,是,200,正常
princeton.edu,是,200,正常
chess.com,是,200,正常
life360.com,是,200,正常
themeforest.net,是,200,正常
flashtalking.com,是,200,正常
worldbank.org,是,200,正常
clever.com,是,403,正常
genius.com,是,403,正常
seedtag.com,是,200,正常
pixiv.net,是,200,正常
playrix.com,是,200,正常
classlink.com,是,200,正常
jimdo.com,是,200,正常
poki.com,是,200,正常
agora.io,是,200,正常
perplexity.ai,是,200,正常
character.ai,是,200,正常
split.io,是,200,正常
chaturbate.com,是,403,正常
smilewanted.com,是,200,正常
typeform.com,是,200,正常
kickstarter.com,是,403,正常
wyzecam.com,是,403,正常
btloader.com,是,403,正常
theatlantic.com,是,200,正常
readthedocs.io,是,200,正常
umich.edu,是,403,正常
singular.net,是,403,正常
digitaloceanspaces.com,是,200,正常
netgear.com,是,200,正常
nexusmods.com,是,403,正常
kueezrtb.com,是,200,正常
onesignal.com,是,200,正常
columbia.edu,是,403,正常
faphouse.com,是,200,正常
quizlet.com,是,403,正常
ancestry.com,是,200,正常
ecosia.org,是,403,正常
spamhaus.org,是,200,正常
bidmachine.io,是,200,正常
ox.ac.uk,是,403,正常
notion.so,是,200,正常
letterboxd.com,是,403,正常
trendyol.com,是,200,正常
olx.com.br,是,403,正常
crazygames.com,是,200,正常
garmin.com,是,200,正常
archiveofourown.org,是,200,正常
alphonso.tv,是,403,正常
ilovepdf.com,是,200,正常
xhamster.desi,是,200,正常
economist.com,是,403,正常
statcounter.com,是,200,正常
tabelog.com,是,200,正常
hugedomains.com,是,200,正常
wise.com,是,200,正常
usercentrics.eu,是,403,正常
stackexchange.com,是,200,正常
plos.org,是,200,正常
sahibinden.com,是,403,正常
hostinger.com,是,200,正常
hltv.org,是,403,正常
clarin.com,是,200,正常
bet365.com,是,403,正常
ultimate-guitar.com,是,403,正常
ad-delivery.net,是,200,正常
skroutz.gr,是,403,正常
medallia.com,是,403,正常
watchlist-internet.at,是,200,正常
attn.tv,是,200,正常
xhamster45.desi,是,200,正常
rule34.xxx,是,403,正常
sectigo.com,是,200,正常
maricopa.gov,是,200,正常
spankbang.com,是,200,正常
furaffinity.net,是,200,正常
namu.wiki,是,403,正常
janitorai.com,是,403,正常
bitdefender.net,是,200,正常
epicgames.dev,是,200,正常
xhamster1.desi,是,200,正常
boyfriendtv.com,是,403,正常
vinted.fr,是,200,正常
remove.bg,是,200,正常
blooket.com,是,200,正常
blueapron.com,是,200,正常
icanhazip.com,是,200,正常
fetlife.com,是,200,正常
bmj.com,是,200,正常
tawk.to,是,200,正常
signal.org,是,200,正常
litnet.com,是,200,正常
rustdesk.com,是,200,正常
umn.edu,是,200,正常
mybluehost.me,是,409,正常
mydramalist.com,是,200,正常
vietnam.vn,是,200,正常
ixl.com,是,200,正常
noodlemagazine.com,是,200,正常
cdiscount.com,是,200,正常
dlsite.com,是,200,正常
actu.fr,是,200,正常
jusbrasil.com.br,是,403,正常
sciencedaily.com,是,200,正常
ilfattoquotidiano.it,是,200,正常
groww.in,是,200,正常
aternos.org,是,403,正常
autotrader.co.uk,是,403,正常
donmai.us,是,403,正常
id.me,是,403,正常
freecash.com,是,200,正常
pornone.com,是,200,正常
hollywoodbets.net,是,403,正常
futbin.com,是,403,正常
publicnode.com,是,200,正常
crn77.com,是,200,正常
e621.net,是,200,正常
asurascans.com,是,200,正常
coolmathgames.com,是,200,正常
haberler.com,是,200,正常
aznude.com,是,403,正常
gcash.com,是,200,正常
sotwe.com,是,403,正常
fdown.net,是,200,正常
cloudflareclient.com,是,522,正常
fapello.com,是,200,正常
e-hentai.org,是,200,正常
missav.ws,是,200,正常
imhentai.xxx,是,200,正常
sex-studentki.team,是,200,正常
faphouse2.com,是,200,正常
dagbladet.no,是,200,正常
mangago.me,是,200,正常
elsevier.com,是,200,正常
bookmyshow.com,是,403,正常
toyhou.se,是,403,正常
missav.live,是,200,正常
pornhat.com,是,200,正常
ilmeteo.it,是,200,正常
ixxx.com,是,200,正常
sportradar.com,是,403,正常
russianfood.com,是,200,正常
18comic.vip,是,403,正常
zedge.net,是,200,正常
mediaexpert.pl,是,403,正常
typing.com,是,200,正常
travelandtourworld.com,是,403,正常
arca.live,是,403,正常
bef77.com,是,200,正常
sozcu.com.tr,是,200,正常
betway.co.za,是,200,正常
ukdevilz.com,是,200,正常
jutarnji.hr,是,200,正常
3bmeteo.com,是,200,正常
index.hr,是,200,正常
myinstants.com,是,403,正常
superporn.com,是,200,正常
ssstik.io,是,200,正常
cardmarket.com,是,403,正常
ficbook.net,是,200,正常
luxuretv.com,是,200,正常
pussyspace.com,是,200,正常
sex-studentki.cafe,是,200,正常
forebet.com,是,403,正常
bt.dk,是,200,正常
sxyprn.com,是,200,正常
255md.com,是,200,正常
mangafire.to,是,403,正常
caliente.mx,是,200,正常
sondakika.com,是,200,正常
xvideos.es,是,200,正常
testbook.com,是,200,正常
xnxx.es,是,200,正常
liteapks.com,是,200,正常
xnxx-arabic.com,是,200,正常
tabletki.ua,是,403,正常
exhentai.org,是,200,正常
supjav.com,是,403,正常
missav123.com,是,200,正常
wpastra.com,是,200,正常
hanime1.me,是,403,正常
missav.ai,是,200,正常
fatalmodel.com,是,200,正常
casinoplus.com.ph,是,200,正常
joyclub.de,是,200,正常
upwork.com,是,403,正常
buydomains.com,是,403,正常
goodreturns.in,是,200,正常
proxysite.com,是,200,正常
wnacg.com,是,403,正常
bingoplus.com,是,403,正常
listcrawler.eu,是,403,正常
fuq.com,是,200,正常
ey43.com,是,200,正常
snaptik.app,是,200,正常
flightradar24.com,是,200,正常
therapservices.net,是,200,正常
theblowers.com,是,200,正常
croxyproxy.com,是,200,正常
myreadingmanga.info,是,403,正常
porn300.com,是,200,正常
iporntv.net,是,200,正常
alura.com.br,是,200,正常
serviporno.com,是,200,正常
ijavhd.com,是,200,正常
theqoo.net,是,200,正常
syosetu.org,是,200,正常
fastdl.app,是,200,正常
qorno.com,是,200,正常
nya2.com,是,200,正常
goojara.to,是,403,正常
skokka.com,是,403,正常
kompoz2.com,是,403,正常
betika.com,是,200,正常
twpornstars.com,是,403,正常
chordtela.com,是,200,正常
spaggiari.eu,是,200,正常
ladies.de,是,200,正常
okxxx1.com,是,200,正常
52shuku.net,是,200,正常
novelbin.com,是,403,正常
desitales2.com,是,200,正常
aucey.com,是,200,正常
hentai.name,是,403,正常
skelbiu.lt,是,403,正常
pussyboy.net,是,200,正常
sexalarab.com,是,200,正常
njavtv.com,是,200,正常
afribaba.com,是,403,正常
tktube.com,是,200,正常
arabx.cam,是,200,正常
arabtnt.com,是,403,正常
publi24.ro,是,200,正常
fabswingers.com,是,200,正常
manhwaweb.com,是,200,正常
mileroticos.com,是,403,正常
dogdrip.net,是,200,正常
sexemodel.com,是,200,正常
69shuba.com,是,200,正常
momon-ga.com,是,200,正常
xvideos-ar.com,是,200,正常
sexnyk.com,是,200,正常
ojogodobicho.com,是,200,正常
nustargame.com,是,200,正常
happymh.com,是,403,正常
redwap.sex,是,200,正常
goal7.co,是,200,正常
xvideosputaria.com,是,200,正常
autoplius.lt,是,403,正常
arbada.com,是,200,正常
freenet.de,是,200,正常
thekamababa.com,是,200,正常
darkero.com,是,403,正常
twkan.com,是,403,正常
gartner.com,是,403,正常
skipthegames.com,是,403,正常
czbooks.net,是,200,正常
betking.com,是,200,正常
escort.club,是,200,正常
bakecaincontrii.com,是,200,正常
flashscore.mobi,是,200,正常
xosodaiphat.com,是,200,正常
zebawy.com,是,200,正常
pornhat.one,是,200,正常
vymanga.com,是,200,正常
avto.net,是,403,正常
indown.io,是,403,正常
conectate.com.do,是,200,正常
betpawa.ug,是,200,正常
sarkariresult.com.cm,是,200,正常
nz.ua,是,200,正常
animanch.com,是,200,正常
turbo.az,是,403,正常
asd.pics,是,403,正常
az24.vn,是,200,正常
jaya9bangladesh.com,是,200,正常
kumanga.com,是,200,正常
betpawa.cm,是,200,正常
fabguys.com,是,200,正常
xoso.com.vn,是,200,正常
oolveri.com,是,200,正常
scan-manga.com,是,404,正常
xsmn.mobi,是,200,正常
triunfobet.com,是,200,正常
betpawa.co.tz,是,200,正常
annunci69.it,是,200,正常
xbanxia.cc,是,200,正常
koselarab.com,是,403,正常
tamildhool.tech,是,200,正常
lectormangaa.com,是,200,正常
dpboss.boston,是,200,正常
satta-king-fast.com,是,200,正常
freesexkahani.com,是,200,正常
antarvasna3.com,是,200,正常
loteriadehoy.com,是,403,正常
dzexams.com,是,403,正常
livescore.cz,是,200,正常
xxxpostpic.org,是,200,正常
xn--72c0anj1fqy6jqa7ei.net,是,200,正常
betway.co.bw,是,200,正常
xxxhindi.to,是,200,正常
unrealities.com,是,200,正常
bhojpurisex.site,是,200,正常
xnhau.hot,是,403,正常
maynoe.com,是,200,正常
bpexch.live,是,200,正常
blacktoon410.com,是,200,正常
yasyadong.tv,是,200,正常
mobcup.fm,是,200,正常
mingky03.net,是,403,正常
sattamatkano1.me,是,200,正常
isaidub.love,是,200,正常
yako03.com,是,403,正常
desitelugusex.com,是,200,正常
spboss.mobi,是,200,正常
moviesda18.com,是,200,正常
fao.org,是,200,正常
funinstar.com,是,202,正常
vdyel.com,是,200,正常
kolkataff.tv,是,200,正常
onlar.az,是,200,正常
grok.com,是,200,正常
sitescout.com,是,403,正常
acm.org,是,403,正常
auth0.com,是,200,正常
asu.edu,是,200,正常
trustarc.com,是,403,正常
indexww.com,是,200,正常
moodle.org,是,200,正常
geocomply.com,是,403,正常
udemy.com,是,200,正常
match.com,是,200,正常
sciencemag.org,是,403,正常
vmware.com,是,200,正常
typepad.com,是,403,正常
deepintent.com,是,200,正常
clevelandclinic.org,是,200,正常
thelancet.com,是,403,正常
ico.org.uk,是,200,正常
elegantthemes.com,是,200,正常
rapid7.com,是,200,正常
llamarpc.com,是,403,正常
gizmodo.com,是,403,正常
jamanetwork.com,是,403,正常
bootstrapcdn.com,是,200,正常
bitdefender.com,是,200,正常
simpli.fi,是,200,正常
blackhub.team,是,403,正常
shop.app,是,403,正常
about.com,是,200,正常
appier.net,是,200,正常
investing.com,是,200,正常
mapbox.com,是,200,正常
techtarget.com,是,200,正常
si.edu,是,403,正常
themeisle.com,是,200,正常
connatix.com,是,200,正常
getbootstrap.com,是,200,正常
mashable.com,是,200,正常
jwplayer.com,是,200,正常
plex.tv,是,200,正常
jhu.edu,是,403,正常
moengage.com,是,403,正常
politico.com,是,403,正常
matterport.com,是,200,正常
truste.com,是,403,正常
bbb.org,是,403,正常
privacymanager.io,是,200,正常
pnas.org,是,403,正常
mercari.com,是,403,正常
nic.media,是,200,正常
unicef.org,是,403,正常
science.org,是,403,正常
unruly.co,是,403,正常
lnkd.in,是,200,正常
eyeota.net,是,200,正常
wa.link,是,200,正常
springserve.com,是,403,正常
orcid.org,是,200,正常
git-scm.com,是,200,正常
rfc-editor.org,是,200,正常
timeanddate.com,是,403,正常
eskimi.com,是,200,正常
fyber.com,是,200,正常
ssrn.com,是,200,正常
itch.io,是,200,正常
aboutcookies.org,是,200,正常
acronis.com,是,200,正常
squareup.com,是,200,正常
20minutes.fr,是,200,正常
nhentai.net,是,200,正常
constantcontact.com,是,403,正常
truecaller.com,是,200,正常
mgid.com,是,200,正常
ahrefs.com,是,200,正常
metamask.io,是,200,正常
curseforge.com,是,200,正常
icann.org,是,403,正常
axios.com,是,403,正常
datto.com,是,403,正常
pravda.com.ua,是,200,正常
census.gov,是,200,正常
symantec.com,是,200,正常
innovid.com,是,200,正常
cookiebot.com,是,403,正常
ninjarmm.com,是,403,正常
example.org,是,200,正常
earthlink.net,是,200,正常
lego.com,是,403,正常
shorturl.at,是,200,正常
trustedstack.com,是,200,正常
cpanel.com,是,200,正常
fliphtml5.com,是,200,正常
mmcdn.com,是,200,正常
gameanalytics.com,是,200,正常
gmoregistry.net,是,200,正常
coinbase.com,是,200,正常
xgroovy.com,是,403,正常
pcmag.com,是,200,正常
adthrive.com,是,403,正常
nodejs.org,是,200,正常
wpengine.com,是,200,正常
goguardian.com,是,200,正常
laravel.com,是,200,正常
npmjs.com,是,403,正常
videy.co,是,200,正常
notion.site,是,200,正常
useinsider.com,是,200,正常
shodan.io,是,403,正常
oneindia.com,是,200,正常
adsmoloco.com,是,200,正常
onrender.com,是,200,正常
umd.edu,是,200,正常
generatepress.com,是,200,正常
samba.tv,是,200,正常
youm7.com,是,200,正常
chartboost.com,是,403,正常
nejm.org,是,403,正常
1mg.com,是,200,正常
cnbcindonesia.com,是,403,正常
lww.com,是,403,正常
crazyegg.com,是,200,正常
nic.video,是,200,正常
congress.gov,是,403,正常
bigcartel.com,是,200,正常
wow.xxx,是,403,正常
ny.gov,是,200,正常
unian.ua,是,200,正常
doordash.com,是,403,正常
wikia.com,是,403,正常
visualwebsiteoptimizer.com,是,200,正常
broadcom.com,是,200,正常
opensource.org,是,200,正常
mixcloud.com,是,200,正常
heylink.me,是,200,正常
admatic.de,是,200,正常
ogury.io,是,403,正常
crunchyroll.com,是,200,正常
qz.com,是,200,正常
glassdoor.com,是,200,正常
wayfair.com,是,429,正常
list.am,是,403,正常
romsfun.com,是,200,正常
shaalaa.com,是,200,正常
polovniautomobili.com,是,200,正常
cymru.com,是,200,正常
fabxh.site,是,200,正常
nefisyemektarifleri.com,是,403,正常
vidazoo.com,是,200,正常
savefrom.net,是,200,正常
surahquran.com,是,200,正常
scmp.com,是,200,正常
home-assistant.io,是,200,正常
ddizi.im,是,200,正常
hasznaltauto.hu,是,403,正常
screenconnect.com,是,200,正常
register.com,是,403,正常
desikahani2.net,是,200,正常
sapphireonline.pk,是,200,正常
shortgemoy.com,是,404,正常
bet2africa.ml,是,403,正常
sexybluefilm.com,是,200,正常
avmisohd.com,是,200,正常
vidoyx.com,是,200,正常
entrust.net,是,403,正常
hdhub4u.hn,是,403,正常
zeasn.tv,是,200,正常
ucl.ac.uk,是,200,正常
indiegogo.com,是,200,正常
ycombinator.com,是,200,正常
java.com,是,200,正常
webs.com,是,200,正常
smithsonianmag.com,是,200,正常
n-able.com,是,200,正常
sparteo.com,是,200,正常
gamespot.com,是,403,正常
okx.com,是,200,正常
pimpbunny.com,是,200,正常
verkada.com,是,200,正常
slashdot.org,是,200,正常
surfshark.com,是,200,正常
bizjournals.com,是,403,正常
cutt.ly,是,200,正常
hubapi.com,是,200,正常
gboxlab.com,是,200,正常
ringcentral.com,是,200,正常
padlet.com,是,200,正常
moodle.com,是,403,正常
playtime.ph,是,200,正常
elementor.com,是,200,正常
philips.com,是,200,正常
envato.com,是,200,正常
beboo.ru,是,200,正常
runescape.wiki,是,200,正常
coe.int,是,403,正常
comodoca.com,是,200,正常
tvsquared.com,是,409,正常
ekantipur.com,是,403,正常
xhamster44.desi,是,200,正常
parallels.com,是,200,正常
adguard.com,是,200,正常
easybrain.com,是,200,正常
tenable.com,是,200,正常
liveintent.com,是,403,正常
phantom.app,是,200,正常
ilo.org,是,200,正常
made-in-china.com,是,200,正常
suno.com,是,200,正常
1password.com,是,200,正常
crowdstrike.com,是,200,正常
bigcommerce.com,是,200,正常
cookieyes.com,是,200,正常
sextop1.page,是,403,正常
5movierulz.army,是,200,正常
bitnami.com,是,200,正常
podbean.com,是,200,正常
topuf123.com,是,403,正常
ydparty.net,是,403,正常
filmyzilla34.com,是,200,正常
tmohentai.com,是,403,正常
getyourguide.com,是,200,正常
sexdep.blog,是,403,正常
geediting.com,是,200,正常
cell.com,是,403,正常
mp4moviez.date,是,200,正常
brevo.com,是,404,正常
1filmyfly.org,是,200,正常
5movierulz.codes,是,200,正常
vidtronx.com,是,523,正常
5movierulz.florist,是,200,正常
ueiwsp.com,是,403,正常
5movierulz.claims,是,200,正常
veidtr.com,是,200,正常
pr-pixiv.net,是,421,正常
omg10.com,是,200,正常
xlivrdr.com,是,200,正常
bookmark.xxx,是,403,正常
123av.com,是,200,正常
webflow.io,是,200,正常
joinserver.xyz,是,200,正常
inmotionhosting.com,是,200,正常
jampp.com,是,200,正常
rumble.com,是,403,正常
clickpetroleoegas.com.br,是,200,正常
incognia.com,是,200,正常
visa.com,是,200,正常
about.me,是,200,正常
iop.org,是,403,正常
drmgms.com,是,200,正常
webflow.com,是,200,正常
pornocarioca.com,是,200,正常
heart.org,是,403,正常
arabxn.sex,是,200,正常
yallakora.com,是,200,正常
hubspot.net,是,200,正常
affirm.com,是,200,正常
moz.com,是,200,正常
indiansexstories3.com,是,200,正常
braiiz.com,是,200,正常
animesalt.ac,是,200,正常
unlockffbeta.com,是,200,正常
kemkes.go.id,是,200,正常
vnsextop1.com,是,403,正常
playinrace.com,是,403,正常
imgix.net,是,200,正常
fojik.site,是,403,正常
thehindu.com,是,200,正常
visuy.co,是,403,正常
toasttab.com,是,200,正常
xarxx.net,是,200,正常
quillbot.com,是,200,正常
av19.to,是,200,正常
playinboss.com,是,202,正常
playinjeet.com,是,202,正常
fbi.gov,是,200,正常
timesofisrael.com,是,200,正常
libsyn.com,是,200,正常
pastebin.com,是,200,正常
system-monitor.com,是,200,正常
blismedia.com,是,403,正常
fool.com,是,200,正常
watchguard.com,是,200,正常
unrealengine.com,是,200,正常
medscape.com,是,200,正常
square.site,是,200,正常
iea.org,是,403,正常
rsc.org,是,200,正常
coingecko.com,是,200,正常
ably.io,是,200,正常
dictionary.com,是,200,正常
ohchr.org,是,200,正常
redis.io,是,200,正常
gumroad.com,是,200,正常
demandbase.com,是,200,正常
redbubble.com,是,200,正常
glance.net,是,200,正常
allrecipes.com,是,200,正常
intelbras.com.br,是,200,正常
laracasts.com,是,200,正常
mountain.com,是,403,正常
ubereats.com,是,200,正常
joomla.org,是,200,正常
identrust.com,是,200,正常
namecheap.com,是,403,正常
pubnative.net,是,403,正常
ispot.tv,是,200,正常
brookings.edu,是,200,正常
lifehacker.com,是,200,正常
brandbucket.com,是,403,正常
merkle.io,是,200,正常
xxxvideo.link,是,200,正常
justia.com,是,403,正常
nordvpn.com,是,403,正常
keplr.app,是,200,正常
deltafibernederland.nl,是,200,正常
ex.co,是,403,正常
zscaler.com,是,200,正常
ptgaming.ph,是,200,正常
amx1.net,是,400,正常
grindr.com,是,200,正常
glm77.com,是,403,正常
modrinth.com,是,200,正常
com.com,是,403,正常
crunchbase.com,是,200,正常
auvik.com,是,403,正常
guard.io,是,200,正常
linklist.bio,是,200,正常
thingiverse.com,是,200,正常
sexlog.com,是,200,正常
atom.com,是,403,正常
monday.com,是,200,正常
picsart.com,是,200,正常
nic.zone,是,200,正常
freshdesk.com,是,200,正常
mysecurecloudhost.com,是,403,正常
rylkngdm.com,是,200,正常
caltech.edu,是,200,正常
unep.org,是,200,正常
cnil.fr,是,200,正常
wireshark.org,是,200,正常
hopkinsmedicine.org,是,403,正常
zeotap.com,是,200,正常
trouble-free.net,是,403,正常
permutive.app,是,403,正常
greenpeace.org,是,200,正常
apptentive.com,是,403,正常
scopus.com,是,403,正常
rokt.com,是,200,正常
unimelb.edu.au,是,403,正常
senderscore.com,是,403,正常
gitbook.io,是,200,正常
onpe.gob.pe,是,403,正常
videyli.co,是,200,正常
threatlocker.com,是,200,正常
ifood.com.br,是,403,正常
databricks.com,是,200,正常
nobelprize.org,是,200,正常
canva.site,是,404,正常
xn--69-6tia3cb.com,是,200,正常
xn--1-wxfc3gwbi.net,是,200,正常
xn--3-nyf3aak0c.net,是,200,正常
xhamsterlive.com,是,406,正常
redislabs.com,是,200,正常
artstation.com,是,403,正常
ko-fi.com,是,200,正常
termsfeed.com,是,200,正常
xnhau.ing,是,403,正常
5movierulz.capital,是,200,正常
feedly.com,是,200,正常
xnhau.fan,是,403,正常
moviesda19.com,是,200,正常
5movierulz.holiday,是,200,正常
filmyzilla36.com,是,200,正常
nhl.com,是,200,正常
mp4moviez.ad,是,200,正常
ydparty02.net,是,403,正常
5movierulz.theater,是,200,正常
5movierulz.navy,是,200,正常
filmyzilla35.com,是,200,正常
ipcc.ch,是,200,正常
undertone.com,是,200,正常
postman.com,是,200,正常
the-ozone-project.com,是,403,正常
tagesspiegel.de,是,200,正常
dashlane.com,是,200,正常
riskified.com,是,200,正常
braze.eu,是,200,正常
boston.com,是,200,正常
takeaway.com,是,403,正常
bounceexchange.com,是,200,正常
politico.eu,是,200,正常
gamma.app,是,403,正常
infolinks.com,是,200,正常
domaintools.com,是,200,正常
thefreedictionary.com,是,403,正常
gmarket.co.kr,是,403,正常
is.gd,是,403,正常
a2hosting.com,是,200,正常
standard.co.uk,是,200,正常
sciencealert.com,是,200,正常
proquest.com,是,200,正常
ourworldindata.org,是,200,正常
vistarsagency.com,是,200,正常
bb.com.br,是,200,正常
flightaware.com,是,200,正常
faceit.com,是,403,正常
html-load.com,是,404,正常
amnesty.org,是,403,正常
edx.org,是,200,正常
emarsys.net,是,200,正常
buzzsprout.com,是,200,正常
domain.com,是,403,正常
brown.edu,是,200,正常
colorlib.com,是,200,正常
arduino.cc,是,200,正常
crealitycloud.com,是,200,正常
news24.com,是,200,正常
adscale.de,是,200,正常
lnk.to,是,200,正常
legacy.com,是,200,正常
bidease.com,是,200,正常
apkpure.com,是,403,正常
prestashop.com,是,200,正常
monash.edu,是,403,正常
worldcat.org,是,403,正常
brightspace.com,是,403,正常
osano.com,是,200,正常
qualcomm.com,是,200,正常
sportradarserving.com,是,403,正常
jbl.com,是,403,正常
seek.com.au,是,200,正常
adsbynimbus.com,是,200,正常
swrve.com,是,200,正常
pcworld.com,是,200,正常
g2.com,是,403,正常
wurl.com,是,403,正常
unam.mx,是,200,正常
alchemer.com,是,403,正常
claude.com,是,200,正常
teacherspayteachers.com,是,200,正常
codepen.io,是,403,正常
piano.io,是,200,正常
celtra.com,是,403,正常
rte.ie,是,200,正常
routledge.com,是,200,正常
weborama.fr,是,200,正常
permutive.com,是,403,正常
themegrill.com,是,520,正常
eyeo.com,是,403,正常
cars.com,是,403,正常
snowflake.com,是,200,正常
capitaloneshopping.com,是,200,正常
visualcapitalist.com,是,403,正常
unhcr.org,是,403,正常
brandmetrics.com,是,200,正常
gcd-dns.com,是,200,正常
verywellhealth.com,是,200,正常
priceline.com,是,403,正常
ipapi.co,是,200,正常
